code,name,location_latitude,location_longitude,open_at,close_at
mos,摩斯漢堡,25.013849,121.542754,0700,2100
bc,後門咖啡,25.022872,121.543210,1100,2200
sb,統一星巴克辛亥門市,25.021628,121.541140,0630,2200
gt,綠蓋茶．館,25.017007,121.533037,1000,2399
